天數,類別,地點名稱,搜尋關鍵字與地址,說明與時間,Google地圖連結
Day 1,🏨 住宿,OMO5 熊本 by 星野集團,OMO5 熊本 by 星野集團,當晚住宿飯店／民宿,
Day 1,📍 行程動線,星宇航空報到、早餐與登機準備,星宇航空報到、早餐與登機準備,[05:15 - 07:00] **第一頓早餐**：善用中信鼎極卡權益（現場詢問 Lounge To Go 或至 4F 休息區小憩）；最晚 07:00 前抵達登機門。,
Day 1,📍 行程動線,星宇 JX846 航程,星宇 JX846 航程,[07:30 - 10:45] **第二頓早餐**：享用星宇機上餐；班機時間以熊本機場／航空公司當日資訊為準。,
Day 1,📍 行程動線,熊本機場通關,熊本機場通關,[10:45 - 11:35] 出示 VJW 截圖快速通關，領取行李後前往空港特快乘車處。,
Day 1,📍 行程動線,空港特快往通町筋,空港特快往通町筋,[11:50 - 12:28] **首選**：3 號乘車處 11:50 左右班次；若入境延誤則搭下一班，並依當日官方時刻表與現場資訊為準。,
Day 1,📍 行程動線,OMO5 寄大件行李,OMO5 寄大件行李,[12:30 - 12:50] 先將大件行李寄放於 OMO5 3F 大廳；12:50 下樓享用午餐。,
Day 1,📍 行程動線,HAB@ 2F 享用午餐,HAB@ 2F 享用午餐,[12:50 - 14:00] **今日固定午餐**：於 OMO5 同棟 HAB@ 2F 享用「Ajisen World 味千拉麵」熱騰騰黑蒜油豚骨拉麵（或順遊下通吃「紅蘭亭」太平燕）；避免與晚餐勝烈亭重複油炸。,
Day 1,📍 行程動線,鶴屋百貨＋商店街悠閒購物,鶴屋百貨＋商店街悠閒購物,[14:00 - 16:00] **全家悠閒購物**：陪爸爸至東館 4F 試穿 Spingle 手工鞋、媽媽挑選本館 1F 彩妝與 2F 女鞋，再一起逛 New-S 2F 3COINS+plus，16:00 返回 OMO5 辦理 Check-in。,
Day 1,📍 行程動線,鳴門鯛燒本舖外帶,鳴門鯛燒本舖外帶,[16:30 - 16:40] **孩子下午點心**：往 SAKURA MACHI 途中外帶鯛魚燒，全家分食後再逛商場。,
Day 1,📍 行程動線,SAKURA MACHI 購物,SAKURA MACHI 購物,[16:40 - 17:40] 優先參觀 Kumamon Village、逛 mont-bell 戶外用品。,
Day 1,📍 行程動線,namco＋官方扭蛋店,namco＋官方扭蛋店,[17:40 - 18:25] namco 20:00 關門，安排於晚餐前；未滿 16 歲 18:00 後須由保護者陪同。18:25 準時前往晚餐候位。,
Day 1,📍 行程動線,勝烈亭 新市街本店,勝烈亭 新市街本店,[18:45 - 20:15] 今日晚餐：熊本人氣黑豚豬排；週日人潮較多，預計 18:45 前抵達候位。,
Day 1,🍴 美食,[環亞貴賓室 (Zone D),[環亞貴賓室 (Zone D),[早] 營業時間: 05:00 - 23:00 | 現煮牛肉麵與精緻熱食<br>出發起點,https://maps.google.com/?q=Plaza+Premium+Lounge+Taoyuan
Day 1,🍴 美食,[星宇機上餐],[星宇機上餐],[早] 營業時間: 飛機上 | 質感精緻餐點<br>航班預定,
Day 1,🍴 美食,[桃機 T1 登機區輕食,[桃機 T1 登機區輕食,[早] 營業時間: 06:00 - 23:00 | 登機前輕食小吃與咖啡備案,https://maps.google.com/?q=Taoyuan+Airport+T1
Day 1,🍴 美食,[Ajisen World 味千拉麵 HAB@店,[Ajisen World 味千拉麵 HAB@店,[午] 營業時間: 11:00 - 22:00 [⭐ Tabelog 3.15] | **D1 午餐首選**：正宗熊本蒜油豚骨拉麵旗艦概念店，空間時尚出餐快，熱騰騰無油炸。,https://maps.google.com/?q=Ajisen+World+HAB+Kumamoto
Day 1,🍴 美食,[紅蘭亭 下通本店,[紅蘭亭 下通本店,[午] 營業時間: 11:00 - 21:00 [⭐ Tabelog 3.56] | **D1 午餐備案一 (清爽首選)**：熊本老字號名店，必吃名物「太平燕」海鮮冬粉湯麵，湯頭鮮甜完全不油膩。,https://maps.google.com/?q=Korantei+Shimotori+Kumamoto
Day 1,🍴 美食,[flour + water / DRA7,[flour + water / DRA7,[午] 營業時間: 10:00 - 22:00 [⭐ Tabelog 3.18] | **D1 午餐備案二 (西式輕食)**：東京人氣烘焙咖啡館，現烤歐式麵包與義大利麵。,https://maps.google.com/?q=flour+plus+water+HAB+Kumamoto
Day 1,🍴 美食,[博多天ぷら たかお HAB@熊本店,[博多天ぷら たかお HAB@熊本店,[午] 營業時間: 11:00 - 22:00 [⭐ Tabelog 3.25] | **D1 午餐備案三 (天婦羅)**：九州人氣現炸天婦羅定食（因晚餐吃勝烈亭炸豬排，故列為備案）。,https://maps.google.com/?q=Hakata+Tempura+Takao+HAB+Kumamoto
Day 1,🍴 美食,[勝烈亭 新市街本店,[勝烈亭 新市街本店,[晚] 營業時間: 11:00 - 21:30 (L.O. 21:00) [⭐ Tabelog 3.86] | 19:00 晚餐：熊本人氣炸豬排；週日約 18:50 抵達候位。櫻町沒有分店。,https://maps.google.com/?q=Katsuretsutei+Shinshigai+Kumamoto
Day 1,🍴 美食,[牛たん炭焼 利久 SAKURA MACHI店,[牛たん炭焼 利久 SAKURA MACHI店,[晚] 營業時間: 11:00 - 22:00 (L.O. 21:30) [⭐ Tabelog 3.12] | 全家太累、不想再走去勝烈亭時的備案；有兒童餐，可直接在商場內吃。,https://maps.google.com/?q=Gyutan+Rikyu+Sakuramachi+Kumamoto
Day 1,🍴 美食,[敘敘苑 燒肉 SAKURA MACHI店,[敘敘苑 燒肉 SAKURA MACHI店,[晚] 營業時間: 11:00 - 22:00 (L.O. 21:30) [⭐ Tabelog 3.20] | 高檔日式燒肉晚餐備案；適合全家慶祝第一天抵達熊本。,https://maps.google.com/?q=Jojoen+Sakuramachi+Kumamoto
Day 1,🍴 美食,[黑亭 拉麵 下通店,[黑亭 拉麵 下通店,[宵] 營業時間: 10:30 - 23:30（L.O. 23:00） [⭐ Tabelog 3.48] | **爸媽輪流宵夜候選**：焦香蒜油豚骨與生蛋黃拉麵；一人留房陪孩子，另一人才單獨前往。與赤組二選一，不是固定行程。,https://maps.google.com/?q=Kokutei+Ramen+Shimotori+Kumamoto
Day 1,🍴 美食,[熊本拉麵 赤組,[熊本拉麵 赤組,[宵] 營業時間: 日～四 11:00 - 23:30（L.O. 23:00） [⭐ Tabelog 3.56] | **爸媽輪流宵夜候選**：平價蒜焦油豚骨拉麵；與黑亭二選一，依當晚體力及候位決定。不是固定行程。,https://maps.google.com/?q=Kumamoto+Ramen+Akagumi
Day 1,🍴 美食,[熊本熊雞蛋糕,[熊本熊雞蛋糕,[品] 營業時間: 10:00 - 19:00 | 部長造型雞蛋糕，軟綿香甜<br>⚠️ 限量供應 / 拍照必備,https://maps.google.com/?q=Kumamon+Square
Day 1,🍴 美食,[いきなりやわたなべ,[いきなりやわたなべ,[品] 營業時間: 09:00 - 19:00 [⭐ Tabelog 3.25] | 熊本名物地瓜紅豆團子，現蒸溫熱<br>⚠️ 外帶散策小吃,https://maps.google.com/?q=Shimotori+Shopping+Street
Day 1,🍴 美食,[鳴門鯛燒本舖 熊本下通店,[鳴門鯛燒本舖 熊本下通店,[品] 營業時間: 10:30 - 23:00 [⭐ Tabelog 3.05] | 傳統「一丁燒」鯛魚燒，紅豆／地瓜。16:30外帶分食；限用現金。,https://maps.google.com/?q=Naruto+Taiyaki+Shimotori+Kumamoto
Day 1,🍴 美食,[蜂樂饅頭 熊本本店,[蜂樂饅頭 熊本本店,[品] 營業時間: 10:00 - 19:00 [⭐ Tabelog 3.58] | 日本傳統今川燒，紅豆與白豆沙餡超人氣，便宜好吃的下午點心。,https://maps.app.goo.gl/w5M65r3q2W8K9D2v8
Day 1,🛍️ 購物,Spingle,Spingle,鎖定商品: 鎖定日本手工鞋 Spingle；推薦爸爸鞋子。 | 營業: 10:00 - 19:00 (週五六至19:30) | 全家陪同爸爸試穿與確認尺寸。,https://maps.google.com/?q=Tsuruya+Department+Store
Day 1,🛍️ 購物,Dior／SK-II／Albion,Dior／SK-II／Albion,鎖定商品: 鎖定美妝櫃位；推薦媽媽保養品。 | 營業: 10:00 - 19:00 (週五六至19:30) | 集中補貨並於東館辦理退稅。,https://maps.google.com/?q=Tsuruya+Department+Store
Day 1,🛍️ 購物,3COINS+plus,3COINS+plus,鎖定商品: 質感雜貨，推薦居家、旅行與兒童小物。 | 營業: 10:30 - 20:00 | 全家一起逛；若孩子在彩妝區久候，爸爸再機動帶孩子先過來放電。,https://maps.google.com/?q=New-S+Tsuruya
Day 1,🛍️ 購物,藥妝店／特色小店,藥妝店／特色小店,鎖定商品: 藥妝店比價，沿途留意熊本限定特色小店；推薦藥妝、熊本限定商品。 | 營業: 店家多約 10:00 - 20:00 | 前往櫻町時邊走邊看；價格漂亮才買，不特別繞路。,https://maps.google.com/?q=Shimotori+Shopping+Street+Kumamoto
Day 1,🛍️ 購物,Kumamon Village,Kumamon Village,鎖定商品: 鎖定 Kumamon Village；推薦熊本限定商品。 | 營業: 10:00 - 20:00 | 抵達商場後優先完成，再進行其他購物。,https://maps.google.com/?q=SAKURA+MACHI+Kumamoto
Day 1,🛍️ 購物,mont-bell,mont-bell,鎖定商品: 鎖定 mont-bell 戶外用品與日本限定品項；推薦戶外用品。 | 營業: 10:00 - 20:00 | 17:40 前完成，鎖定目標後快速選購。,https://maps.google.com/?q=mont-bell+SAKURA+MACHI+Kumamoto
Day 1,🛍️ 購物,namco／官方扭蛋店,namco／官方扭蛋店,鎖定商品: 推薦小朋友娛樂、扭蛋；未滿 16 歲於 18:00 後須由保護者陪同。 | 營業: 10:00 - 20:00 | 行程已排；18:25 準時離開前往晚餐。,https://maps.google.com/?q=namco+SAKURA+MACHI+Kumamoto
Day 1,🛍️ 購物,DAISO,DAISO,鎖定商品: 百元生活用品與旅行補給；推薦百元商品。 | 營業: 10:00 - 20:00 | 同為四星但未排固定時段；只有 namco 結束前仍有餘裕才逛。,https://maps.google.com/?q=DAISO+SAKURA+MACHI+Kumamoto
Day 1,🏟️ 景點,景點名稱 (Google Map),景點名稱 (Google Map),交通與相對位置 | 親子亮點 / 防雷備註,
Day 1,🏟️ 景點,[[熊本熊廣場](https://maps.google.com/?q=Kumamon+Square)],[[熊本熊廣場](https://maps.google.com/?q=Kumamon+Square)],鶴屋東館 1F<br>🐾 離飯店步行 3 分 | 舞台劇暫停，但廣場正常開放。,
Day 1,🏟️ 景點,[[SAKURA MACHI 露台](https://maps.google.com/?q=SAKURA+MACHI+Kumamoto)],[[SAKURA MACHI 露台](https://maps.google.com/?q=SAKURA+MACHI+Kumamoto)],櫻町商場 RF 頂樓<br>🐾 離飯店步行 8 分 | 超大空中花園，可眺望熊本城全景。空間安全開闊，適合幼童奔跑放電。,
Day 1,🏟️ 景點,[[namco 遊戲中心](https://maps.google.com/?q=SAKURA+MACHI+Kumamoto)],[[namco 遊戲中心](https://maps.google.com/?q=SAKURA+MACHI+Kumamoto)],櫻町商場 3F<br>🐾 離飯店步行 8 分 | 各式夾娃娃機、太鼓達人與鄰近官方扭蛋店；未滿16歲18:00後須由保護者陪同。あそびパークPLUS 19:00關門、最終受付18:30。,
Day 2,🏨 住宿,OMO5 熊本 by 星野集團,OMO5 熊本 by 星野集團,當晚住宿飯店／民宿,
Day 2,📍 行程動線,Doutor 熊本下通店早餐,Doutor 熊本下通店早餐,[08:00 - 08:30] D2 固定早餐：Morning Set 快速用餐；08:30 準時離開。,
Day 2,📍 行程動線,前往水前寺公園,前往水前寺公園,[08:30 - 09:10] 從「通町筋」搭往「健軍町」方向的市電，於「水前寺公園」下車，並預留等車與步行時間。,
Day 2,📍 行程動線,水前寺成趣園,水前寺成趣園,[09:10 - 10:25] 看庭園、出水神社、餵錦鯉；以主要動線為主，10:25 準時離園。,
Day 2,📍 行程動線,前往熊本城・市役所前,前往熊本城・市役所前,[10:25 - 11:00] 從「水前寺公園」搭市電至「熊本城・市役所前」。,
Day 2,📍 行程動線,熊本城稻荷神社與震災捐款,熊本城稻荷神社與震災捐款,[11:00 - 11:20] **捐款與祈福**：購買宇宙御守，全家於城彩苑/神社捐款箱進行地震復興祈福。,
Day 2,📍 行程動線,前往熊本市役所,前往熊本市役所,[11:20 - 11:25] 從稻荷神社步行至市役所，搭電梯前往 14F。,
Day 2,📍 行程動線,ダイニングカフェ 彩午餐,ダイニングカフェ 彩午餐,[11:25 - 12:20] 景觀午餐首選；預留 55 分鐘。Day 1 入住 OMO5 時請櫃檯協助電話訂位。,
Day 2,📍 行程動線,前往花畑町電停,前往花畑町電停,[12:20 - 12:35] 飯後散步至花畑町，搭乘市電 A 系統直達熊本站。,
Day 2,📍 行程動線,前往熊本站／AMU Plaza,前往熊本站／AMU Plaza,[12:35 - 13:20] 市電 A 系統至熊本站前下車，直接進入 AMU Plaza。,
Day 2,📍 行程動線,AMU Plaza 熊本（充裕放電）,AMU Plaza 熊本（充裕放電）,[13:20 - 18:20] **放電購物**：逛 UNIQLO 4F、KIDDY LAND 5F/6F 皮克敏娃娃、THREEPPY 5F、C-pla/Gacha Land 扭蛋。,
Day 2,📍 行程動線,領租車,領租車,[18:20 - 18:50] **📢 分頭行動**：爸爸前往 NIPPON Rent-A-Car 熊本站新幹線口，按 18:30 辦理取車；目前等待租車公司回覆確認。,
Day 2,📍 行程動線,媽媽續逛／Greenland 補給,媽媽續逛／Greenland 補給,[18:20 - 18:50] **📢 分頭行動**：爸爸取車；媽媽可續逛 AMU，離開前再與孩子至肥後よかモン市場快速補給與 **竹乃屋外帶**。,
Day 2,📍 行程動線,AMU 停車、熊本站會合,AMU 停車、熊本站會合,[18:50 - 19:00] **📢 重新會合**：爸爸取車後將車停入 JR 熊本駅ビル第 1～3 停車場，再回站內與家人會合並將採買物放入車內。,
Day 2,📍 行程動線,AMU Plaza 晚餐,AMU Plaza 晚餐,[19:00 - 20:10] 以 AMU 6–7F 餐廳或肥後よかモン市場為主；結帳時出示停車券取得消費折抵，避免再移動找餐廳。,
Day 2,📍 行程動線,返回 OMO5,返回 OMO5,[20:10 - 20:40] 回飯店休息，隔天 Greenland 早起。,
Day 2,🍴 美食,[Doutor Coffee 熊本下通店,[Doutor Coffee 熊本下通店,[早] 營業時間: 約 07:30 起營業 | **D2 固定早餐**：Morning Set 出餐快，吃完由通町筋搭市電前往水前寺公園。,https://maps.google.com/?q=Doutor+Coffee+Kumamoto+Shimotori
Day 2,🍴 美食,[OMO5 Base Cafe,[OMO5 Base Cafe,[早] 營業時間: 07:00 - 10:00 L.O. 09:30 | Doutor 臨時休業時的第一備案；四種單盤早餐可選。,https://maps.google.com/?q=OMO5+Kumamoto
Day 2,🍴 美食,[Angelus パンの家,[Angelus パンの家,[早] 營業時間: 07:30 - 19:30 | D3 指定早餐，不排入 D2 主線。,https://maps.google.com/?q=Angelus+Kumamoto
Day 2,🍴 美食,[Lawson 熊本通町筋店,[Lawson 熊本通町筋店,[早] 營業時間: 24 小時 | 飯糰、麵包、咖啡與孩子喜歡的炸雞君。僅作趕時間時的快速備案。,https://maps.google.com/?q=Lawson+Torichijin+Kumamoto
Day 2,🍴 美食,[ダイニングカフェ 彩,[ダイニングカフェ 彩,[午] 營業時間: 11:00 - 17:00 最後點餐 16:00 週日定休 [Tabelog —（23則，評分未公開）] | **首選商業午餐**：11:25 用餐，餐後步行約 15 分鐘至城彩苑搭南口接駁車。；Day 1 入住時請 OMO5 櫃檯代為預約 8/10 11:25、4 人並詢問靠窗座位。,https://maps.google.com/?q=Dining+Cafe+Sai+Kumamoto+City+Hall
Day 2,🍴 美食,[城彩苑 ぎんなん,[城彩苑 ぎんなん,[午] 營業時間: 11:00 - 18:00 [⭐ Tabelog 3.32] | Buffet 備選：熊本鄉土料理種類多，但價格較高、用餐時間較難控制，本日不列主線。,https://maps.google.com/?q=Josaien+Ginnan+Kumamoto
Day 2,🍴 美食,[レストラン亀井 熊本市役所地下食堂,[レストラン亀井 熊本市役所地下食堂,"[午] 營業時間: 用餐約 11:00 - 17:30 依市役所開放日 [⭐ Tabelog 3.20] | 快速平價首選：定食、咖哩、蕎麥麵等，多數約 ¥1,000 以下；約 70 席並有少量兒童椅。一般旅客也可使用。",https://maps.google.com/?q=Restaurant+Kamei+Kumamoto+City+Hall
Day 2,🍴 美食,[阿蘇庭 山見茶屋 城彩苑店,[阿蘇庭 山見茶屋 城彩苑店,[午] 營業時間: 11:00 - 22:00 [⭐ Tabelog 3.25] | 赤牛料理與熊本鄉土菜。作為 Buffet 排隊過久時的快速備案。,https://maps.google.com/?q=Yamami+Chaya+Josaien+Kumamoto
Day 2,🍴 美食,[櫻之小路 攤位小吃,[櫻之小路 攤位小吃,[午] 營業時間: 多數 09:00 - 19:00 | 串燒、可樂餅與熊本小吃，適合孩子不想久候時分食。作為正餐備案時，記得補足主食。,https://maps.google.com/?q=Sakura-no-koji+Josaien
Day 2,🍴 美食,[AMU Plaza 熊本 6–7F 餐廳,[AMU Plaza 熊本 6–7F 餐廳,[晚] 營業時間: 11:00 - 22:00 | 領車後直接在站內晚餐，不再移動找店。依孩子體力與候位狀況選店。,https://maps.google.com/?q=AMU+Plaza+Kumamoto
Day 2,🍴 美食,[黒のハンバーグ PRODUCED by 和牛焼肉 LIEBE,[黒のハンバーグ PRODUCED by 和牛焼肉 LIEBE,[晚] 營業時間: 約 11:00 - 22:00 | **正式晚餐首選**：黑毛和牛 100% 漢堡排，可選多種醬汁；肉感較強、用餐環境較完整，孩子喜歡漢堡排時優先選擇。,https://maps.google.com/?q=Kuro+no+Hamburg+LIEBE+AMU+Plaza+Kumamoto
Day 2,🍴 美食,[センターリバージュニア 熊本駅店,[センターリバージュニア 熊本駅店,[晚] 營業時間: 約 11:00 - 23:00 | **快速省力首選**：熊本在地老牌鐵板漢堡排。媽媽與孩子採買補給後可直接前往，不必再上 7F；大家疲累時選這家。,https://maps.google.com/?q=Center+River+Junior+Kumamoto+Station
Day 2,🍴 美食,[うまや アミュプラザくまもと店,[うまや アミュプラザくまもと店,[晚] 營業時間: 約 11:00 - 22:00 | **和食首選**：九州食材、雞肉料理、串燒與定食，桌席選擇完整；一家四口容易各自選餐，也可事先訂位。,https://maps.google.com/?q=Umaya+AMU+Plaza+Kumamoto
Day 2,🍴 美食,[ピエトロ アミュプラザくまもと店,[ピエトロ アミュプラザくまもと店,[晚] 營業時間: 約 11:00 - 22:00 | **孩子穩妥備案**：義大利麵、披薩等熟悉口味；全家疲累、不想再研究地方料理時選這家。,https://maps.google.com/?q=Pietro+AMU+Plaza+Kumamoto
Day 2,🍴 美食,[廻る寿司 めっけもん,[廻る寿司 めっけもん,[晚] 營業時間: 約 11:00 - 22:00 | 現行親子迴轉壽司選項，可依各自食量自由點餐；18:00 左右若候位超過 20 分鐘，就改吃漢堡排或其他站內餐廳。,https://maps.google.com/?q=Mawaru+Sushi+Mekkemon+AMU+Plaza+Kumamoto
Day 2,🍴 美食,[竹乃屋 熊本駅ナカ店,[竹乃屋 熊本駅ナカ店,[宵] 營業時間: 11:00 - 23:00（料理 L.O. 22:30） | **外帶宵夜首選**：官方外帶菜單有博多ぐるぐるとりかわ；晚餐後直接外帶 5～10 串，帶回 OMO5 吃。另可加炭烤雞腿、唐揚炸雞、雞南蠻、玉子燒或綜合串燒。,https://maps.google.com/?q=Takenoya+Kumamoto+Station
Day 2,🍴 美食,[21時にアイス 熊本下通店,[21時にアイス 熊本下通店,[宵] 營業時間: 約 16:30 - 24:00 | **甜食備案**：不想吃雞皮時才選；一位家長留房陪孩子，另一位步行外帶冰品。,https://maps.google.com/?q=21+Ji+ni+Ice+Shimotori
Day 2,🍴 美食,[阿部牧場 ASO MILK AMU店,[阿部牧場 ASO MILK AMU店,[品] 營業時間: 10:00 - 20:00 [⭐ Tabelog 3.20] | 濃郁鮮乳霜淇淋與優格。有時間才買，不影響 17:40 領車。,https://maps.google.com/?q=Aso+Milk+AMU+Plaza+Kumamoto
Day 2,🍴 美食,[杉養蜂園 城彩苑店,[杉養蜂園 城彩苑店,[品] 營業時間: 09:00 - 18:00 [⭐ Tabelog 3.06] | 蜂蜜鮮奶霜淇淋，適合午餐後消暑。天氣炎熱時優先買、立即吃完。,https://maps.google.com/?q=Sugi+Bee+Garden+Josaien
Day 2,🍴 美食,[城彩苑 TENTE,[城彩苑 TENTE,[品] 營業時間: 09:00 - 19:00 [⭐ Tabelog 3.19] | 熊本產當季水果霜淇淋與甜點。與杉養蜂園二選一即可，避免午餐前吃太多。,https://maps.app.goo.gl/w5M65r3q2W8K9D2v8
Day 2,🛍️ 購物,UNIQLO,UNIQLO,鎖定商品: 今日必逛；推薦全家服飾、孩子用品與旅途所需衣物。 | 營業: 10:00 - 20:00 | 約 13:20 抵達 AMU 後優先前往。,https://maps.google.com/?q=Uniqlo+AMU+Plaza+Kumamoto
Day 2,🛍️ 購物,肥後よかモン市場,肥後よかモン市場,鎖定商品: Greenland 補給；推薦水、運動飲料、果凍飲、鹽糖、餅乾、濕紙巾與塑膠袋。 | 營業: 09:00 - 20:00 | 不買需隔夜冷藏的便當或生鮮。,https://maps.google.com/?q=AMU+Plaza+Kumamoto
Day 2,🛍️ 購物,KIDDY LAND,KIDDY LAND,鎖定商品: **尋找皮克敏娃娃**；角色商品店，但款式與即時庫存無法保證。 | 營業: 10:00 - 20:00 | UNIQLO 後全家先去確認；有貨即購買，沒有就不再壓縮其他行程。,https://maps.google.com/?q=KIDDY+LAND+AMU+Plaza+Kumamoto
Day 2,🛍️ 購物,C-pla／Gacha Land,C-pla／Gacha Land,鎖定商品: 孩子固定行程；推薦扭蛋。 | 營業: 10:00 - 20:00 | 16:15 起爸爸陪孩子逛，與媽媽逛 THREEPPY 同步進行。,https://maps.google.com/?q=AMU+Plaza+Kumamoto
Day 2,🛍️ 購物,THREEPPY,THREEPPY,鎖定商品: 媽媽生活雜貨重點；推薦收納、廚房與旅行小物。 | 營業: 10:00 - 20:00 | 16:15 起與孩子扭蛋分組同步逛；爸爸取車後可繼續補逛。,https://maps.google.com/?q=THREEPPY+AMU+Plaza+Kumamoto
Day 2,🛍️ 購物,GU／角色商店／書店,GU／角色商店／書店,鎖定商品: 推薦服飾、角色商品與書籍。 | 營業: 10:00 - 20:00 | UNIQLO 與扭蛋完成後，有時間才逛；17:35 前收尾。,https://maps.google.com/?q=AMU+Plaza+Kumamoto
Day 2,🛍️ 購物,ONE PIECE 麥わらストア,ONE PIECE 麥わらストア,鎖定商品: 尋找騙人布以外角色公仔；推薦 2026 熊本復興企劃公仔鑰匙圈及限定商品。 | 營業: 10:00 - 20:00 | 依當日庫存與限購規則選購；不壓縮孩子的扭蛋行程。,https://maps.google.com/?q=ONE+PIECE+Mugiwara+Store+Kumamoto
Day 2,🏟️ 景點,景點名稱 (Google Map),景點名稱 (Google Map),交通與相對位置 | 親子亮點 / 防雷備註,
Day 2,🏟️ 景點,[[水前寺成趣園](https://maps.google.com/?q=Suizenji+Jojuen+Garden)],[[水前寺成趣園](https://maps.google.com/?q=Suizenji+Jojuen+Garden)],市電「水前寺公園」下車<br>🚗 離 OMO5 車程約 15 分 | 庭園、出水神社與餵錦鯉。最晚 16:30 入園；持市電一日券於售票口確認設施折扣.,
Day 2,🏟️ 景點,[[出水神社](https://maps.google.com/?q=Izumi+Shrine)],[[出水神社](https://maps.google.com/?q=Izumi+Shrine)],水前寺成趣園內<br>🚗 離 OMO5 車程約 15 分 | 參拜、神水與安靜休息點；上午保留 90 分鐘遊園，約 10:50 離開成趣園。,
Day 2,🏟️ 景點,[[熊本城稻荷神社](https://maps.google.com/?q=Kumamotojo+Inari+Shrine)],[[熊本城稻荷神社](https://maps.google.com/?q=Kumamotojo+Inari+Shrine)],城彩苑步行約 15 - 20 分<br>🐾 離 OMO5 步行約 15 分 | 今日指定任務：宇宙御守。不可為了趕 AMU 而取消；御守以當日庫存為準。,
Day 2,🏟️ 景點,[[熊本城天守閣](https://maps.google.com/?q=Kumamoto+Castle)],[[熊本城天守閣](https://maps.google.com/?q=Kumamoto+Castle)],城彩苑接駁車至南口<br>🐾 離 OMO5 步行約 15 分 | 地震暫停開放。,
Day 3,🏨 住宿,OMO5 熊本 by 星野集團,OMO5 熊本 by 星野集團,當晚住宿飯店／民宿,
Day 3,📍 行程動線,全家起床、完成出門準備,全家起床、完成出門準備,[07:15 - 07:30] 先換好衣服、上廁所並整理防曬用品；媽媽與孩子完成隨身包，讓麵包買回後能立即出發。,
Day 3,📍 行程動線,Angelus 採買與快速早餐,Angelus 採買與快速早餐,[07:30 - 08:05] **📢 分頭行動**：爸爸至 Angelus 買全家早餐、哈密瓜麵包等點心與少量備用鹹麵包；媽媽與孩子留在飯店完成準備。爸爸回房後快速吃早餐。,
Day 3,📍 行程動線,前往 Greenland,前往 Greenland,[08:05 - 09:40] 山之日預留車流時間；點心麵包避免放在受熱的車廂內，飲料與果凍飲放保冷袋。,
Day 3,📍 行程動線,停車、購票、確認運休資訊,停車、購票、確認運休資訊,[09:40 - 10:00] MapCode: 69 251 36400。持證明正本辦理半價入園優惠，並用官方即時資訊確認設施運行狀態。,
Day 3,📍 行程動線,Greenland 第一輪重點設施,Greenland 第一輪重點設施,[10:00 - 11:30] 依姐弟勾選表，先玩共同高順位與容易排隊的設施；熱門雲霄飛車優先。,
Day 3,📍 行程動線,ベリーズ午餐,ベリーズ午餐,[11:30 - 12:15] 提早入店避開正午人潮；漢堡排、咖哩、義大利麵與兒童餐皆可選，也利用冷氣空間休息。若候位過久，改味千拉麵或パームテラス。,
Day 3,📍 行程動線,Greenland 第二輪設施,Greenland 第二輪設施,[12:15 - 15:30] 完成姐弟共同選項；最熱時段穿插Angelus點心、冰品、摩天輪、暗黑雲霄飛車、迷宮等室內或休息型設施。,
Day 3,📍 行程動線,最後一項設施＋紀念品,最後一項設施＋紀念品,[15:30 - 16:00] 依排隊時間補玩一項，再到禮品店購買限定商品；16:00 計畫離園，最晚 16:30 離園。,
Day 3,📍 行程動線,ゆめタウンシティモール購物,ゆめタウンシティモール購物,[16:00 - 17:00] 先逛 1F 無印良品，再逛 1F Standard Products；兩間集中完成，17:00 離開。,
Day 3,📍 行程動線,返回 OMO5,返回 OMO5,[17:00 - 18:30] 依 Google Maps 即時導航返回熊本市區，抵達後停入飯店特約停車場。,
Day 3,📍 行程動線,回 OMO5 放戰利品、休息,回 OMO5 放戰利品、休息,[18:30 - 19:00] 放下購物袋、上廁所後再出門；若回程塞車，此段縮短。,
Day 3,📍 行程動線,下通／上通晚餐,下通／上通晚餐,[19:00 - 20:05] 選不需久候、出餐穩定的餐廳；指定餐廳若候位超過 15 分鐘就換店，確保唐吉訶德時間。,
Day 3,📍 行程動線,全家逛下通唐吉訶德,全家逛下通唐吉訶德,[20:15 - 21:00] **固定行程**：零食、玩具、扭蛋與藥妝；依事先列好的清單採買，45 分鐘收工。,
Day 3,🍴 美食,[麥當勞 熊本下通店,[麥當勞 熊本下通店,[早] 營業時間: 06:00 - 24:00 [⭐ Tabelog 3.03] | 楓糖鬆餅漢堡，快速方便，外帶車上吃，節省時間。,https://maps.google.com/?q=McDonald%27s+Shimotori+Kumamoto
Day 3,🍴 美食,[Angelus パンの家,[Angelus パンの家,[早] 營業時間: 07:30 - 19:30 不定休 | **Day 3指定早餐**；前一天確認8/11是否營業。早餐每人一份，另買哈密瓜麵包等園內點心及少量備用鹹麵包。,https://maps.google.com/?q=Angelus+Kumamoto
Day 3,🍴 美食,[Lawson 熊本通町筋店,[Lawson 熊本通町筋店,[早] 營業時間: 24小時營業 | 小孩最愛超商炸雞君，熱食補給快速方便。,https://maps.google.com/?q=Lawson+Torichijin+Kumamoto
Day 3,🍴 美食,[ベリーズ,[ベリーズ,[午] 營業時間: 配合樂園營業時間 閉園前1小時停止點餐 | **正式午餐首選**：漢堡排、咖哩、義大利麵與兒童餐；11:30提早入店，在冷氣房休息。,https://maps.google.com/?q=Belize+Restaurant+Greenland+Arao
Day 3,🍴 美食,[味千ラーメン Greenland店,[味千ラーメン Greenland店,[午] 營業時間: 配合樂園營業時間 | 熊本拉麵午餐備案；Belize候位過久或孩子想吃麵時選擇。,https://maps.google.com/?q=Ajisen+Ramen+Greenland+Arao
Day 3,🍴 美食,[パームテラス,[パームテラス,[午] 營業時間: 配合樂園營業時間 | 漢堡排、咖哩及兒童咖哩備案；依當時所在區域與候位長度就近選擇。,https://maps.google.com/?q=Palm+Terrace+Greenland+Arao
Day 3,🍴 美食,[Greenland 園內小吃攤,[Greenland 園內小吃攤,[午] 營業時間: 配合樂園營業時間 | 炸雞、章魚燒等日式小吃；只在餐廳皆大排長龍時快速墊胃。,https://maps.google.com/?q=Greenland+Kumamoto
Day 3,🍴 美食,[紅蘭亭 下通本店,[紅蘭亭 下通本店,[晚] 營業時間: 11:00 - 21:00 最後點餐20:00 | **晚餐首選**：熊本名物太平燕、炒飯、點心與中華料理適合全家分食。若候位過久可彈性改選黑亭。,https://maps.google.com/?q=Kourantei+Shimotori+Kumamoto
Day 3,🍴 美食,[黑亭 拉麵 下通店,[黑亭 拉麵 下通店,[晚] 營業時間: 週一至週四約10:30 - 22:00 | **快速穩妥備案**：焦香蒜油豚骨拉麵，約50席；回程延誤或紅蘭亭排隊時改這家。,https://maps.google.com/?q=Kokutei+Ramen+Shimotori+Kumamoto
Day 3,🍴 美食,[やよい軒 下通店,[やよい軒 下通店,[晚] 營業時間: 晚間營業，當日以店頭公告為準 | **最快備案**：定食、烤魚、炸雞及漢堡排選擇多；大家疲累時可快速用餐。,https://maps.google.com/?q=Yayoiken+Shimotori+Kumamoto
Day 3,🍴 美食,[馬肉料理 馬櫻 下通店,[馬肉料理 馬櫻 下通店,[晚] 營業時間: 17:00 - 23:00 (L.O. 21:30) [⭐ Tabelog 3.53] | 高品質熊本馬肉刺身與赤牛料理，慶功首選。<br>環境優雅。,https://maps.google.com/?q=Masakura+Shimotori+Kumamoto
Day 3,🍴 美食,[熊本あか牛の店 (赤牛專賣),[熊本あか牛の店 (赤牛專賣),[晚] 營業時間: 11:00 - 22:00 | 高品質阿蘇赤牛蓋飯與定食。<br>美味慶功餐點。,https://maps.google.com/?q=Shimotori+Shopping+Street
Day 3,🍴 美食,[熊本拉麵 赤組,[熊本拉麵 赤組,[宵] 營業時間: 日～四 11:00 - 23:30（L.O. 23:00） | **鹹食候選**：平價蒜焦油豚骨拉麵，爸媽可視情況輪流外出採買。,https://maps.google.com/?q=Kumamoto+Ramen+Akagumi
Day 3,🍴 美食,[21時にアイス 熊本下通店,[21時にアイス 熊本下通店,[宵] 營業時間: 約 16:30 - 24:00 [⭐ Tabelog 3.05] | **甜食首選**：夜間冰品外帶回飯店，輕鬆享用。,https://maps.google.com/?q=21+Ji+ni+Ice+Shimotori
Day 3,🍴 美食,[いきなりやわたなべ,[いきなりやわたなべ,[品] 營業時間: 09:00 - 19:00 [⭐ Tabelog 3.25] | 熊本名物地瓜紅豆團子，現蒸溫熱。約 18:30 回市區後可順路外帶。,https://maps.google.com/?q=Shimotori+Shopping+Street
Day 3,🍴 美食,[甘味處 鎌倉 熊本下通店,[甘味處 鎌倉 熊本下通店,[品] 營業時間: 10:00 - 20:00 [⭐ Tabelog 3.06] | 軟糯的手作蕨餅與蕨餅手搖飲，深受小朋友喜愛。,https://maps.app.goo.gl/w5M65r3q2W8K9D2v8
Day 3,🍴 美食,[熊本熊雞蛋糕,[熊本熊雞蛋糕,[品] 營業時間: 10:00 - 19:00 | 部長造型雞蛋糕點心備案，軟綿香甜。,https://maps.google.com/?q=Kumamon+Square
Day 3,🛍️ 購物,Greenland 樂園禮品店,Greenland 樂園禮品店,鎖定商品: 推薦 Greenland 樂園限定商品。 | 營業: 配合樂園營業時間 | 15:30 後安排購買，16:00 計畫離園。,https://maps.google.com/?q=Greenland+Kumamoto
Day 3,🛍️ 購物,無印良品,無印良品,鎖定商品: 固定行程；推薦收納、零食、旅行用品。 | 營業: 10:00 - 20:00 | 16:00 離園後先逛；若找不到指定商品，再把 COCOSA 熊本無印列為後續備案。,https://maps.google.com/?q=MUJI+Youme+Town+City+Mall+Arao
Day 3,🛍️ 購物,Standard Products,Standard Products,鎖定商品: 推薦高 CP 值生活、居家用品。 | 營業: 10:00 - 20:00 | 無印後接著逛，17:00 離開商場返回熊本市區。,https://maps.google.com/?q=Standard+Products+Youme+Town+City+Mall+Arao
Day 3,🛍️ 購物,無印良品（大型店備案）,無印良品（大型店備案）,鎖定商品: 熊本縣內大型店，商品較多；推薦補找ゆめタウン缺貨的指定商品。 | 營業: 11:00 - 20:00 | ゆめタウン無印找不到想買的商品時才去；不列固定行程，並於 20:00 關門前完成。,https://maps.google.com/?q=MUJI+COCOSA+Kumamoto
Day 3,🛍️ 購物,唐吉訶德,唐吉訶德,鎖定商品: 固定行程；推薦零食、玩具、扭蛋、藥妝與伴手禮。 | 營業: 24 小時營業 | 20:15–21:00 依清單採買，21:00 準時離開。,https://maps.google.com/?q=Don+Quijote+Shimotori+Kumamoto
Day 4,🏨 住宿,阿蘇農場,阿蘇農場,當晚住宿飯店／民宿,
Day 4,📍 行程動線,麥當勞熊本下通店早餐,麥當勞熊本下通店早餐,[07:30 - 08:10] 朝マック Happy Set（寶可夢玩具，款式與庫存依現場）；大人可選期間限定塔塔多蜜香腸瑪芬，亦可搭配沖繩鳳梨 McFizz。,
Day 4,📍 行程動線,取行李、退房與發車,取行李、退房與發車,[08:10 - 08:30] 回房拿行李、完成退房，08:30 前往 Workman。,
Day 4,📍 行程動線,Workman 熊本交流道店,Workman 熊本交流道店,[09:10 - 10:20] 補齊防曬涼感裝備，預留 70 分鐘購物；買完可提早出發。MapCode: 29 649 78908。,
Day 4,📍 行程動線,前往新阿蘇大橋,前往新阿蘇大橋,[10:20 - 11:05] 依當日路況輕鬆行駛。,
Day 4,📍 行程動線,新阿蘇大橋,新阿蘇大橋,[11:05 - 11:15] 停車場有位就上廁所、短暫休息；若車位較滿可直接前往阿蘇望之鄉。MapCode: 256 452 35322。,
Day 4,📍 行程動線,阿蘇望之鄉,阿蘇望之鄉,[11:15 - 11:50] 抵達後散步、拍照與休息；若大橋未停留，此時段可增加為望之鄉漫步時間。MapCode: 256 215 727。,
Day 4,📍 行程動線,阿蘇望之鄉午餐、購物,阿蘇望之鄉午餐、購物,[11:50 - 13:00] 約 12:00 於食事處あじわい館午餐，再逛旬鮮市場與旁邊 Mont-bell；購物鎖定在地咖啡豆與限定 T-shirt。,
Day 4,📍 行程動線,前往草千里,前往草千里,[13:00 - 13:40] 山路依車流彈性調整。,
Day 4,📍 行程動線,草千里之濱,草千里之濱,[13:40 - 15:00] 觀賞壯麗草原；騎馬若無須久候可體驗。約 15:00 準備前往飯店。MapCode: 256 456 76768。,
Day 4,📍 行程動線,前往阿蘇農場,前往阿蘇農場,[15:00 - 15:30] 草千里若提早結束可提早抵達，增加動物王國玩樂時間。,
Day 4,📍 行程動線,阿蘇農場停車、住宿手續與領票,阿蘇農場停車、住宿手續與領票,[15:30 - 15:50] 停放至「住宿客專用停車場」，經地下通道步行約 3-5 分鐘到住宿櫃檯辦理手續與領取方案票券。MapCode: 256 511 30441。,
Day 4,📍 行程動線,友誼動物王國,友誼動物王國,[15:50 - 17:00] 領票後直接前往體驗互動。,
Day 4,📍 行程動線,取房卡、行李接駁與休息,取房卡、行李接駁與休息,[17:00 - 18:00] 返回住宿櫃檯確認房卡，前往圓頂屋整理行李並稍作休息。,
Day 4,📍 行程動線,大地廚房 (晚餐),大地廚房 (晚餐),[18:00 - 19:30] 享用方案內含的健康百匯自助餐，採用產地有機蔬菜。,
Day 4,📍 行程動線,火山溫泉/健康暖爐,火山溫泉/健康暖爐,[19:30 - 21:00] 泡 2000 坪大浴場，體驗地熱礦石浴舒緩疲勞。,
Day 4,🍴 美食,[麥當勞 熊本下通店,[麥當勞 熊本下通店,[早] 營業時間: 06:00起營業 | 朝マック Happy Set，寶可夢玩具檔期，大人可選期間限定瑪芬與沖繩鳳梨 McFizz。,https://maps.google.com/?q=McDonald%27s+Shimotori+Kumamoto
Day 4,🍴 美食,[Lawson 熊本大津室店,[Lawson 熊本大津室店,[早] 營業時間: 24小時 | 備案：Workman 前後補充飯糰或熱食。,https://maps.google.com/?q=Lawson+Otsu+Kumamoto
Day 4,🍴 美食,[Angelus パンの家,[Angelus パンの家,[早] 營業時間: 07:30 - 19:30 | 前一日備用麵包與輕食早餐備案。,https://maps.google.com/?q=Angelus+Kumamoto
Day 4,🍴 美食,[あじわい館,[あじわい館,[午] 營業時間: 10:00-17:00 (LO 16:00) [⭐ Tabelog 3.09] | 正餐首選：烏龍麵、飯類、自選小菜、だご汁與高菜飯。,https://tabelog.com/kumamoto/A4302/A430202/43001859/
Day 4,🍴 美食,[高森田樂之里,[高森田樂之里,[午] 營業時間: 10:00-20:00 (LO 19:00) [⭐ Tabelog 3.49] | 備案：傳統圍爐裏田樂料理與赤牛。,https://maps.app.goo.gl/k9e794tGqR5kLzP86
Day 4,🍴 美食,[草千里景觀餐廳,[草千里景觀餐廳,[午] 營業時間: 11:00-15:00 | 草千里地區景觀午餐與輕食備案。,https://maps.google.com/?q=Kusasenri
Day 4,🍴 美食,[大地廚房 (Big Farm Restaurant),[大地廚房 (Big Farm Restaurant),[晚] 營業時間: 17:00-21:00 (LO 20:30) | 首選：80種健康產地百匯，住宿方案包含。,https://maps.app.goo.gl/tB38N4v6Fk5u4Jz88
Day 4,🍴 美食,[阿蘇健康之森 燒肉,[阿蘇健康之森 燒肉,[晚] 營業時間: 17:00-21:00 | 備案：單點燒肉，可由自助餐方案加價換購。,https://maps.app.goo.gl/D2YnFwXqK7mP8qK8A
Day 4,🍴 美食,[阿蘇農場 溫泉輕食區,[阿蘇農場 溫泉輕食區,[晚] 營業時間: 17:00-21:00 | 輕食備案：泡湯後享用輕食拉麵與點心。,https://maps.app.goo.gl/tB38N4v6Fk5u4Jz88
Day 4,🍴 美食,[阿蘇精釀啤酒],[阿蘇精釀啤酒],[宵] 營業時間: - | 搭配今日買的赤牛牛肉乾。,
Day 4,🍴 美食,[阿蘇限定蘇打 (Cider)],[阿蘇限定蘇打 (Cider)],[宵] 營業時間: - | 給小孩的夜晚慶祝飲料。,
Day 4,🍴 美食,[阿蘇ミルクファーム あそりんどうプリン],[阿蘇ミルクファーム あそりんどうプリン],[宵] 營業時間: - | 望之鄉的布丁，作為今日完美收尾。,
Day 4,🍴 美食,[ASO MILK 阿部牧場 阿蘇望之鄉店,[ASO MILK 阿部牧場 阿蘇望之鄉店,[品] 營業時間: 09:00-17:00 [⭐ Tabelog 3.23] | 必吃：乳香超濃郁冰淇淋。,https://maps.app.goo.gl/eB2qF5hKqR9N9yU9A
Day 4,🍴 美食,[赤牛肉餅],[赤牛肉餅],[品] 營業時間: 09:00-17:00 | 現炸爆汁赤牛肉餅。,
Day 4,🍴 美食,[阿蘇優格飲],[阿蘇優格飲],[品] 營業時間: 10:00-17:00 | 濃度極高的優格飲，適合回房後享用。,
Day 4,🛍️ 購物,Workman Plus,Workman Plus,鎖定商品: 推薦涼感袖套、防曬帽、防蚊外套。 | 營業: 07:00-20:00 | 09:10 抵達，補齊後即走，最晚 10:20 離開；附近 Lawson 可順路補給。Tel: 096-337-2223,https://maps.app.goo.gl/V4U7sMh9Sj2S6V6q7
Day 4,🛍️ 購物,Mont-bell,Mont-bell,鎖定商品: 推薦阿蘇限定 T-shirt（米塚／阿蘇山剪影）。 | 營業: 09:00-18:00 | 逛完旬鮮市場後順路購買。Tel: 0967-67-3010,https://maps.app.goo.gl/D7JgNqK4k9R9YyT8A
Day 4,🛍️ 購物,旬鮮市場,旬鮮市場,鎖定商品: 優先找在地烘焙咖啡豆；推薦常溫燒菓子、手工肥皂、高菜漬與味噌。 | 營業: 09:00-17:00 | 看到喜歡的再買；不買啤酒及不耐放冷藏品。8/12 按 8 月正常營業資訊規劃。Tel: 0967-67-3010,https://maps.app.goo.gl/X9yT5Zq3Sj8M2F6Y7
Day 4,🏟️ 景點,景點名稱 (Google Map),景點名稱 (Google Map),交通與相對位置 | 親子亮點 / 防雷備註,
Day 4,🏟️ 景點,[[新阿蘇大橋展望所](https://maps.app.goo.gl/H4yT7Uq3Mj8S6V6x9)],[[新阿蘇大橋展望所](https://maps.app.goo.gl/H4yT7Uq3Mj8S6V6x9)],國道325號旁<br>🚗 離阿蘇農場車程約 25 分 | 11:05 僅停靠約 10 分鐘上廁所、短暫休息，不安排觀景停留。Tel: 0967-67-1112,
Day 4,🏟️ 景點,[[草千里騎馬體驗](https://maps.app.goo.gl/J7yT9Zq3Mj8S6V6y7)],[[草千里騎馬體驗](https://maps.app.goo.gl/J7yT9Zq3Mj8S6V6y7)],草千里停車場旁<br>🚗 離阿蘇農場車程約 25 分 | 13:40 後現場判斷：不用排隊才騎，15:00 最晚離開。MapCode: 256 456 76768。Tel: 0967-34-2111,
Day 4,🏟️ 景點,[[阿蘇火山博物館](https://maps.app.goo.gl/J7yT9Zq3Mj8S6V6y7)],[[阿蘇火山博物館](https://maps.app.goo.gl/J7yT9Zq3Mj8S6V6y7)],草千里停車場旁<br>🚗 離阿蘇農場車程約 25 分 | 惡劣天候備案。Tel: 0967-34-0351,
Day 4,🏟️ 景點,[[友誼動物王國](https://maps.app.goo.gl/K8yT2Zq3Sj9M2F7Y8)],[[友誼動物王國](https://maps.app.goo.gl/K8yT2Zq3Sj9M2F7Y8)],阿蘇農場內<br>🐾 位於住宿飯店內 | 住宿客停車場停妥後，先到櫃檯辦住宿手續、寄行李與領票，再前往動物王國；草千里提早結束即可增加遊玩時間。MapCode: 256 511 30441。Tel: 0967-67-2100,
Day 4,🏟️ 景點,[[健康溫熱窯 13 種](https://maps.app.goo.gl/L9yT3Zq3Mj9S2F8Y9)],[[健康溫熱窯 13 種](https://maps.app.goo.gl/L9yT3Zq3Mj9S2F8Y9)],阿蘇農場內<br>🐾 位於住宿飯店內 | D4 晚上：穿浴衣全家躺平地熱礦石浴充電，消除駕駛疲勞。Tel: 0967-67-3737,
Day 4,🏟️ 景點,[元氣挑戰館],[元氣挑戰館],阿蘇農場內<br>🐾 位於住宿飯店內 | D5 室內項目：一小時制，接在元氣之森之後；是否含票以住宿方案為準。,
Day 4,🏟️ 景點,[體力年齡測定館],[體力年齡測定館],阿蘇農場內<br>🐾 位於住宿飯店內 | 備案推薦：像打電動一樣的體能與反應測試，適合小孩競爭。,
Day 4,🏟️ 景點,[健康火山溫泉],[健康火山溫泉],阿蘇農場內<br>🐾 位於住宿飯店內 | 2000坪超大浴場；是否包含及可使用時段以住宿方案為準。,
Day 5,🏨 住宿,Aso La Vista／阿蘇の家（公寓式住宿）,Aso La Vista／阿蘇の家（公寓式住宿）,當晚住宿飯店／民宿,
Day 5,📍 行程動線,起床與簡單梳洗,起床與簡單梳洗,[08:00 - 08:15] 前一晚可先完成八至九成打包，早上只需收拾盥洗用品。,
Day 5,📍 行程動線,前往大地廚房、早餐與回房,前往大地廚房、早餐與回房,[08:15 - 09:15] 約 08:30 入場享用早餐；官方最晚 09:00 入場。,
Day 5,📍 行程動線,退房與行李上車,退房與行李上車,[09:15 - 10:00] 完成退房手續，將大件行李放置於車上；約 10:00 開始體驗園區設施。,
Day 5,📍 行程動線,阿蘇農場自由活動與午餐,阿蘇農場自由活動與午餐,[10:00 - 14:00] 元氣之森、元氣挑戰館優先，午餐輕鬆享用；剩餘時間可體驗手作 DIY。預計 14:00 左右前往下一站。MapCode: 256 511 30441。,
Day 5,📍 行程動線,前往阿蘇車站,前往阿蘇車站,[14:00 - 14:25] 離開阿蘇農場，前往阿蘇車站欣賞騙人布銅像。,
Day 5,📍 行程動線,阿蘇車站、道の駅阿蘇,阿蘇車站、道の駅阿蘇,[14:25 - 14:55] 拍攝騙人布銅像，再至車站旁道の駅阿蘇享用霜淇淋、購買在地特色伴手禮。MapCode: 256 704 15382。,
Day 5,📍 行程動線,阿蘇 思夢樂,阿蘇 思夢樂,[14:55 - 15:50] 前往「しまむら 阿蘇店」，採買平價童裝、日系服飾與居家雜貨（預留約 45 分鐘）。,
Day 5,📍 行程動線,みやはら一の宮店,みやはら一の宮店,[15:50 - 16:50] 採買晚餐壽喜燒食材、熟食、D6 早餐與飲料；包含牛肉片、蔬菜、豆腐、烏龍麵與醬汁。,
Day 5,📍 行程動線,抵達 La Vista,抵達 La Vista,[16:50 - 17:15] 入住、搬行李並確認廚房設備。MapCode: 256 640 87426。,
Day 5,📍 行程動線,民宿自炊晚餐,民宿自炊晚餐,[17:15 - 19:15] 使用民宿設備輕鬆煮壽喜燒，搭配超市熟食，最後加入烏龍麵享用。,
Day 5,📍 行程動線,阿蘇神社、門前町夜間散步,阿蘇神社、門前町夜間散步,[19:25 - 20:00] 飯後輕鬆散步；若遇到夜間點燈或店家營業可隨意逛逛。,
Day 5,🍴 美食,[Big Farm 住宿早餐,[Big Farm 住宿早餐,[早] 營業時間: 07:00-09:30 最晚09:00入場 | 住宿方案附餐，約 08:30 入場享用百匯早餐。,https://asofarmland.co.jp/price
Day 5,🍴 美食,[阿蘇農場 輕食咖啡,[阿蘇農場 輕食咖啡,[早] 營業時間: 08:00-10:00 | 備案：現烤麵包與咖啡輕食。,https://asofarmland.co.jp/
Day 5,🍴 美食,[Lawson 熊本阿蘇店,[Lawson 熊本阿蘇店,[早] 營業時間: 24小時 | 備案：飯糰、熱咖啡與炸雞。,https://maps.google.com/?q=Lawson+Aso
Day 5,🍴 美食,[めん処阿蘇,[めん処阿蘇,[午] 營業時間: 11:00-17:00 LO 16:30 | 推薦午餐：烏龍麵、飯類與炸雞，出餐快速方便。,https://asofarmland.co.jp/restaurant/noodles
Day 5,🍴 美食,[阿蘇農場 大地餐廳午餐,[阿蘇農場 大地餐廳午餐,[午] 營業時間: 11:00-14:00 | 備案：健康產地百匯午餐。,https://asofarmland.co.jp/
Day 5,🍴 美食,[阿蘇農場 戶外小吃攤,[阿蘇農場 戶外小吃攤,[午] 營業時間: 11:00-15:00 | 備案：現炸雞塊與美式熱狗點心。,https://asofarmland.co.jp/
Day 5,🍴 美食,[道の駅阿蘇,[道の駅阿蘇,[點] 營業時間: 09:00-18:00 全年無休 | 14:35 左右的固定下午點心：阿部牧場牛奶霜淇淋、竹原牧場濃郁牛奶霜淇淋、阿部牧場優格霜淇淋三選一；夏季看到藍莓優格聖代可優先。,https://www.aso-denku.jp/
Day 5,🍴 美食,[道の駅阿蘇鹹點心],[道の駅阿蘇鹹點心],[點] 營業時間: 09:00-18:00 | 若有人比較餓，可加買高菜飯糰；不買太多，避免影響晚餐。,
Day 5,🍴 美食,[La Vista 民宿壽喜燒],[La Vista 民宿壽喜燒],[晚] 營業時間: - | 首選：使用房東確認提供的瓦斯爐與鍋具煮壽喜燒，搭配みやはら購入的少量熟食；最後以烏龍麵收尾。,
Day 5,🍴 美食,[よかよか亭 あか牛館 宮地店,[よかよか亭 あか牛館 宮地店,[晚] 營業時間: 11:00-20:00 LO 19:30／無固定休 | 媽媽完全不想煮的家庭餐廳備案：赤牛丼、漢堡排、定食及肉料理選擇較完整；19:30 前點餐。,https://www.yokayoka-miyazi.com/store/
Day 5,🍴 美食,[みやはら熟食／微波食品],[みやはら熟食／微波食品],[晚] 營業時間: 超市採買時購入 | 最省力備案：買炸物、沙拉、熟食與微波食品；回房即可吃。,
Day 5,🍴 美食,[GOOD WOOD 外帶披薩],[GOOD WOOD 外帶披薩],[宵] 營業時間: 17:00起 | 門前町一般食べ歩き店多在傍晚前關門；晚上想補小吃，以外帶披薩最可靠。,
Day 5,🍴 美食,[熊本產 麝香葡萄],[熊本產 麝香葡萄],[品] 營業時間: - | 時令水果：8月盛產季甜脆首選，超市購入。,
Day 5,🍴 美食,[阿蘇小國優格飲],[阿蘇小國優格飲],[品] 營業時間: - | 必喝甜點：超市即可購入，口感極其濃厚。,
Day 5,🍴 美食,[地酒「れいざん」],[地酒「れいざん」],[品] 營業時間: - | 阿蘇山地下水釀造的辛口地酒，配和牛極佳。,
Day 5,🛍️ 購物,道の駅阿蘇,道の駅阿蘇,鎖定商品: 優先找常溫伴手禮；推薦 ASO MILK 飛天牛餅乾、牛奶年輪蛋糕、果醬、高菜漬、高菜芥末醬、赤牛飯調理料、豬肉辣油與咖啡。 | 營業: 09:00-18:00<br>全年無休 | 先完成常溫伴手禮採買，再看甜點與季節商品。,https://www.aso-denku.jp/
Day 5,🛍️ 購物,甜點與季節商品,甜點與季節商品,鎖定商品: 可選中岳巧克力、砂千里濱餅乾、外輪山甜甜圈；推薦現吃藍莓優格百匯、霜淇淋、甜玉米或高菜飯糰。 | 營業: 09:00-18:00<br>全年無休 | 8 月甜玉米、藍莓、哈密瓜等依現場到貨決定。Tel: 0967-35-5088,https://www.aso-denku.jp/
Day 5,🛍️ 購物,思夢樂 (しまむら),思夢樂 (しまむら),鎖定商品: 日系平價服飾；推薦日本平價童裝、各式角色衣服、日系生活雜貨與涼感用品。 | 營業: 10:00-19:00 | 14:55–15:50 必逛，順路位在車站與超市之間。,https://maps.google.com/?q=Shimamura+Aso
Day 5,🛍️ 購物,みやはら,みやはら,鎖定商品: 自炊食材；推薦壽喜燒用牛肉片、蔬菜、豆腐、蒟蒻絲、烏龍麵、雞蛋、壽喜燒醬汁、少量熟食、麝香葡萄、D6 早餐與飲料。 | 營業: 09:00-20:00 | 依清單集中採買，避免漏買住宿處沒有的油與調味料。Tel: 0967-22-0251,https://tokubai.co.jp/%E3%81%BF%E3%82%84%E3%81%AF%E3%82%89/16765
Day 5,🏟️ 景點,景點名稱 (Google Map),景點名稱 (Google Map),交通與相對位置 | 親子亮點 / 防雷備註,
Day 5,🏟️ 景點,[[元氣之森](https://maps.app.goo.gl/K8yT2Zq3Sj9M2F7Y8)],[[元氣之森](https://maps.app.goo.gl/K8yT2Zq3Sj9M2F7Y8)],阿蘇農場內 | D5 首發：戶外體能挑戰主力；可現場憑證明詢問身障優待。Tel: 0967-67-2100,
Day 5,🏟️ 景點,[[騙人布銅像](https://maps.app.goo.gl/X9yT5Zq3Sj8M2F6Y7)],[[騙人布銅像](https://maps.app.goo.gl/X9yT5Zq3Sj8M2F6Y7)],阿蘇車站前廣場<br>🚗 離飯店車程約 10 分 | 順路打卡：海賊王聯名銅像，停留 10-15 分鐘拍照即可。MapCode: 256 704 15382。Tel: 0967-34-0101,
Day 5,🏟️ 景點,[[阿蘇神社、門前町](https://maps.app.goo.gl/T4Y8A9S6V6q7YyT8A)],[[阿蘇神社、門前町](https://maps.app.goo.gl/T4Y8A9S6V6q7YyT8A)],La Vista 步行約 5 分 | 飯後機動行程：遇到盆踊／夏祭就參加；沒有活動或遇雨則短暫散步後返回。正式參拜仍留在 Day 6 白天。Tel: 0967-22-0064,
Day 5,🏟️ 景點,[[Aso La Vista（阿蘇の家）](https://www.booking.com/hotel/jp/aso-la-vista-a-su-nojia-a-su-shi.zh-tw.html?activeTab=photosGallery)],[[Aso La Vista（阿蘇の家）](https://www.booking.com/hotel/jp/aso-la-vista-a-su-nojia-a-su-shi.zh-tw.html?activeTab=photosGallery)],阿蘇神社附近 | 公寓內使用房東確認的瓦斯爐、平底鍋、抽油煙機與電鍋自炊。MapCode: 256 640 87426。,
Day 6,🏨 住宿,Vessel Hotel 熊本機場大津,Vessel Hotel 熊本機場大津,當晚住宿飯店／民宿,
Day 6,📍 行程動線,公寓早餐與整理行李,公寓早餐與整理行李,[08:00 - 09:00] 清冰箱妙招：將昨日 Miyahara 剩餘食材變成早餐，完成大部分打包。,
Day 6,📍 行程動線,退房準備與行李上車,退房準備與行李上車,[09:00 - 09:30] 行李全數放上車；房東已同意退房後車可延停至 14:00，全家步行前往神社。,
Day 6,📍 行程動線,阿蘇神社 / 門前町,阿蘇神社 / 門前町,[09:30 - 11:00] 參拜修復後樓門，並先完成 **阿蘇神社御守採買**，再進行水基巡禮與商店街散策。MapCode: 256 705 34866。,
Day 6,📍 行程動線,門前町午餐,門前町午餐,[11:00 - 11:45] 首選 たのくら赤牛丼；**11:10 尚未入座即改阿蘇とり宮馬肉可樂餅＋麵包**，12:00 準時離開阿蘇。,
Day 6,📍 行程動線,返回取車、準備下山,返回取車、準備下山,[11:45 - 12:00] 目標 12:00 準時離開阿蘇，避免壓縮下午還車緩衝。,
Day 6,📍 行程動線,下山往大津,下山往大津,[12:00 - 14:00] 預設路線：國道57號北側復舊道路；大觀峰與牛奶之路不列正式行程。,
Day 6,📍 行程動線,AEON 大津店,AEON 大津店,[14:00 - 15:30] **今日採買主站**：一次買齊熊本盒裝伴手禮、指定藥妝與大部分日用品；結帳後整理「仍缺清單」，晚上 HI Hirose 不重逛相同貨架。下山延誤時縮短。MapCode: 291 337 77977。,
Day 6,📍 行程動線,索隆像（彈性）,索隆像（彈性）,[15:30 - 16:00] 天氣、停車與時間都允許才去；不影響飯店入住與還車。MapCode: 291 366 19571。,
Day 6,📍 行程動線,Vessel Check-in,Vessel Check-in,[16:00 - 16:30] **📢 分頭行動**：卸下全家行李並辦理入住，媽媽與小孩先回房休息。,
Day 6,📍 行程動線,還車前：前往 Nippon熊本機場店,還車前：前往 Nippon熊本機場店,[16:30 - 17:30] **📢 分頭行動**：爸爸獨自開車前往 Nippon 熊本機場店；於店附近加滿 Regular、保留收據後辦理還車。MapCode: 29 599 81505,
Day 6,📍 行程動線,還車後：爸爸返回 Vessel,還車後：爸爸返回 Vessel,[17:30 - 18:10] **📢 分頭行動**：完成還車後，爸爸獨自搭計程車返回 Vessel 飯店。,
Day 6,📍 行程動線,燒肉鍋島大慶功（已預約）,燒肉鍋島大慶功（已預約）,[19:00 - 20:00] **📢 重新會合**：依 19:00 訂位入店；全家用餐約 1 小時，爸爸還車返回後仍有充分整理與休息時間。,
Day 6,📍 行程動線,HI Hirose／DAISO,HI Hirose／DAISO,[20:00 - 20:50] **主要安排改為逛館內 DAISO**；超市區只照 AEON 結帳後的「仍缺清單」補買，不重新逛完整貨架。20:50 前結帳。,
Day 6,🍴 美食,[La Vista 自炊早餐],[La Vista 自炊早餐],[早] 營業時間: - | 首選：清空昨日採買食材；早餐後完成行李整理。,
Day 6,🍴 美食,[自備阿蘇鮮乳與水果輕食],[自備阿蘇鮮乳與水果輕食],[早] 營業時間: - | 次選：搭配前日購入的阿蘇鮮乳與日本旅途中食用的水果。,
Day 6,🍴 美食,[Lawson 阿蘇一之宮店,[Lawson 阿蘇一之宮店,[早] 營業時間: 24小時 | 只有早餐食材不足時才使用的快速備案。,https://maps.google.com/?q=Lawson+Aso+Ichinomiya
Day 6,🍴 美食,[たのくら,[たのくら,[午] 營業時間: 11:00-16:00 [⭐ Tabelog 3.29] | 首選：招牌赤牛丼；10:45 左右提早候位，**11:10 尚未入座就放棄**。<br>離住宿步行約 5 分,https://tabelog.com/kumamoto/A4302/A430201/43006459/
Day 6,🍴 美食,[阿蘇 とり宮,[阿蘇 とり宮,[午] 營業時間: 09:00-18:00 [⭐ Tabelog 3.52] | 快速備案：**11:10 未入座時改點**現點現炸馬肉可樂餅，搭配麵包節省時間。<br>離住宿步行約 5 分,https://maps.google.com/?q=Aso+Torimiya
Day 6,🍴 美食,[阿蘇はなび,[阿蘇はなび,[午] 營業時間: 11:30-14:30 [⭐ Tabelog 3.09] | 備案：環境清幽的熊本鄉土定食，適合家庭。<br>離飯店車程約 35 分,https://tabelog.com/kumamoto/A4302/A430201/43012480/
Day 6,🍴 美食,[燒肉鍋島 大津店,[燒肉鍋島 大津店,[晚] 營業時間: 11:00-22:00 (LO 21:30) [⭐ Tabelog 3.04] | **19:00 已完成訂位**：黑毛和牛燒肉與豐富沙拉吧；預計用餐約 1 小時，20:00 前往旁邊 HI Hirose／DAISO。<br>離飯店步行約 5 分 / Tel: 096-294-0020,https://maps.google.com/?q=Yakiniku+Nabeshima+Otsu
Day 6,🍴 美食,[Joyfull 熊本大津店,[Joyfull 熊本大津店,[晚] 營業時間: 24小時 | 備案：平價日式家庭餐廳，多樣化餐點滿足所有人。<br>離飯店步行約 5 分 / Tel: 096-293-0105,https://maps.google.com/?q=Joyfull+Otsu
Day 6,🍴 美食,[魚民 肥後大津站前店,[魚民 肥後大津站前店,[晚] 營業時間: 17:00-24:00 [⭐ Tabelog 3.01] | 備案：日本連鎖居酒屋，提供烤物與生魚片。<br>離飯店步行約 10 分 / Tel: 096-293-8688,https://maps.google.com/?q=Uotami+Higo+Otsu
Day 6,🍴 美食,[阿蘇お菓子工房 たのや,[阿蘇お菓子工房 たのや,[品] 營業時間: 09:00-20:00 週三休 | 代表小吃「たのシュー」是小顆生卡士達泡芙；午餐前全家買 1–2 顆分食即可。<br>離住宿步行約 5 分 / Tel: 0967-22-0225,https://maps.google.com/?q=Aso+Okashi+Kobo+Tanoya
Day 6,🍴 美食,[道之驛大津 烤地瓜,[道之驛大津 烤地瓜,[品] 營業時間: 09:00-18:00 | 特產推薦：大津名產，蜜糖烤地瓜，冷熱皆宜的點心。<br>離飯店車程約 5 分 / Tel: 096-294-1600,https://maps.google.com/?q=Michi-no-Eki+Otsu
Day 6,🍴 美食,[阿蘇小國布丁],[阿蘇小國布丁],[品] 營業時間: - | 在大津超市購入，回飯店休息時享用。<br>離飯店步行約 5 分 / Tel: 096-293-2111,
Day 6,🛍️ 購物,御札所,御札所,鎖定商品: 今日必買阿蘇神社御守；神札、御朱印與御朱印帳依興趣選購。 | 營業: 09:00-17:00 | 參拜後先完成，再逛門前町。,https://maps.google.com/?q=Aso+Shrine
Day 6,🛍️ 購物,丹波屋,丹波屋,鎖定商品: 推薦原創文具、趣味籤詩、YOSHIYUKIKUN 原創小物。 | 營業: 平日 08:00-19:00<br>不定休 | 看到喜歡的再買，不必勉強湊伴手禮。,https://maps.google.com/?q=Tanbaya+Aso
Day 6,🛍️ 購物,natural tea garden 阿蘇薬草園,natural tea garden 阿蘇薬草園,鎖定商品: 推薦可試喝的阿蘇山草茶、茶包與香草商品。 | 營業: 10:30-16:30<br>週四休 | 常溫、體積小，適合帶回台灣。,https://maps.google.com/?q=Natural+Tea+Garden+Aso
Day 6,🛍️ 購物,つけもの処 健蔵,つけもの処 健蔵,鎖定商品: 推薦手工阿蘇高菜漬及其他漬物。 | 營業: 10:00-17:00 | 若 D5 已買足高菜，這站只試吃、不重複囤貨。,https://maps.google.com/?q=Tsukemono+Kenzou+Aso
Day 6,🛍️ 購物,食品／藥妝／生活用品,食品／藥妝／生活用品,鎖定商品: 最後大宗採買主站；推薦食品伴手禮、藥妝、保養品、日用品、D7 飲料與機場小點。 | 營業: 09:00-21:00 | 先食品，再藥妝與日用品；先檢查行李重量及液體規定。生鮮水果、肉類與含肉加工品不買。MapCode: 291 337 77977。Tel: 096-293-3200,https://maps.google.com/?q=AEON+Otsu
Day 6,🛍️ 購物,熊本伴手禮,熊本伴手禮,鎖定商品: 優先找陣太鼓、武者がえし、黑糖甜甜圈棒、風雅巻き、柑橘果凍、熊本熊零食與大津地瓜點心。 | 營業: 09:00-21:00 | 盒裝款送人、小包裝自家吃；依當日庫存選購。,https://maps.google.com/?q=AEON+Otsu
Day 6,🛍️ 購物,超市特色食品,超市特色食品,鎖定商品: 推薦五木熊本拉麵、太平燕、御飯の友、南關炸豆皮、柚子胡椒、九州味噌、咖哩、茶葉與掛耳咖啡。 | 營業: 09:00-21:00 | 避免含肉調理包；玻璃瓶與大包裝先評估重量。,https://maps.google.com/?q=AEON+Otsu
Day 6,🛍️ 購物,藥妝／Can★Do,藥妝／Can★Do,鎖定商品: 推薦常用藥、貼布、眼藥水、面膜、防曬、卸妝、保養品、牙膏、洗護旅行包、壓縮袋與收納用品。 | 營業: 09:00-21:00 | 依實際需求集中補齊，不囤重複品。,https://maps.google.com/?q=AEON+Otsu
Day 6,🛍️ 購物,當晚／D7 食品,當晚／D7 食品,鎖定商品: 推薦いきなり団子、布丁、阿蘇乳製品、麵包、飲料與候機小點。 | 營業: 09:00-21:00 | 少量即可；冷藏品只買當晚或翌日能吃完的量。,https://maps.google.com/?q=AEON+Otsu
Day 6,🛍️ 購物,DAISO,DAISO,鎖定商品: 推薦日本百元文具、孩子小物、廚房用品、壓縮袋、收納袋與旅行分裝用品。 | 營業: 隨 HI Hirose<br>最晚 21:00 | 晚間主要購物安排，預留約 40 分鐘。,https://maps.google.com/?q=DAISO+HI+Hirose+Ozu
Day 6,🛍️ 購物,超市補漏,超市補漏,鎖定商品: 推薦 AEON 缺貨或漏買的零食、飲料與日用品。 | 營業: 09:00-21:00 | 不重新逛完整貨架；20:50 前結帳。Tel: 096-292-1580,https://maps.google.com/?q=HI+Hirose+Super+Combo+Ozu
Day 6,🏟️ 景點,景點名稱 (Google Map),景點名稱 (Google Map),交通與相對位置 | 親子亮點 / 防雷備註,
Day 6,🏟️ 景點,[[阿蘇神社](https://maps.google.com/?q=Aso+Shrine)],[[阿蘇神社](https://maps.google.com/?q=Aso+Shrine)],一之宮町<br>🐾 離住宿步行約 5 分 | 必訪：房東已同意延停至 14:00，車子留民宿原位，直接步行前往，免去盆節等車位之苦。Tel: 0967-22-0064,
Day 6,🏟️ 景點,[[大津中央公園 (索隆像)](https://maps.google.com/?q=Otsu+Central+Park+Zoro)],[[大津中央公園 (索隆像)](https://maps.google.com/?q=Otsu+Central+Park+Zoro)],大津市中心<br>🐾 離飯店步行約 12 分 | 順路推薦：帥氣的海賊王「索隆」銅像合照，園內有大型遊具供小孩奔跑玩耍。MapCode: 291 366 19571。Tel: 096-293-3111,
Day 7,🏨 住宿,溫暖的家,溫暖的家,當晚住宿飯店／民宿,
Day 7,📍 行程動線,Vessel 豐富早餐,Vessel 豐富早餐,[07:30 - 08:30] 享受鄉土特色早餐，為返程補充充沛活力。,
Day 7,📍 行程動線,收行李、退房,收行李、退房,[08:30 - 08:55] 完成房間、護照及行李最終檢查，08:55 前至大廳準備搭車。,
Day 7,📍 行程動線,前往熊本機場,前往熊本機場,[09:00 - 09:25] 預約 Jumbo Taxi 專車直達熊本機場。,
Day 7,📍 行程動線,星宇報到、行李托運,星宇報到、行李托運,[09:30 - 09:50] JX847 11:55 起飛；先完成報到與行李託運，再進行最後的伴手禮挑選。,
Day 7,📍 行程動線,國內線候機區補貨＋GiGO 扭蛋,國內線候機區補貨＋GiGO 扭蛋,[09:50 - 10:45] 國際旅客可至國內線候機區挑選熊本常溫伴手禮；扭蛋使用剩餘零錢輕鬆體驗。,
Day 7,📍 行程動線,返回國際線安檢、出境審查,返回國際線安檢、出境審查,[10:45 - 11:05] **最晚 10:45 必須離開國內線區**；重新過國際線安檢時，超過 100ml/g 之液體、布丁或醬料無法攜帶。,
Day 7,📍 行程動線,國際線免稅店,國際線免稅店,[11:05 - 11:20] 逛逛免稅店採買最後的美妝、香水或食品。,
Day 7,📍 行程動線,登機門報到、準備登機,登機門報到、準備登機,[11:20 - 11:55] 約 11:20 抵達登機門，準備順利登機。,
Day 7,📍 行程動線,星宇 JX847 航班,星宇 JX847 航班,[11:55 - 13:20] 享用機上餐點與休息。,
Day 7,📍 行程動線,抵台通關與提領,抵台通關與提領,[13:20 - 14:20] 桃園機場 T1，領取行李並準備接駁取車。,
Day 7,📍 行程動線,停車場接駁、取車,停車場接駁、取車,[14:20 - 14:50] 返回「大園第三停車場」，清點行李上車。,
Day 7,📍 行程動線,平安返家,平安返家,[15:00 - 16:00] 圓滿結束 7 日熊本阿蘇親子之旅。,
Day 7,🍴 美食,[Vessel Hotel 熊本機場大津早餐,[Vessel Hotel 熊本機場大津早餐,[早] 營業時間: 06:00-09:30 | 豐富的熊本特色料理、拉麵與點心，為返程補充滿滿能量。,https://maps.google.com/?q=Vessel+Hotel+Otsu
Day 7,🍴 美食,[熊本機場 國內線咖啡輕食,[熊本機場 國內線咖啡輕食,[早] 營業時間: 07:00 起 | 備案：機場咖啡與三明治輕食。,https://maps.google.com/?q=Kumamoto+Airport
Day 7,🍴 美食,[Lawson 肥後大津站前店,[Lawson 肥後大津站前店,[早] 營業時間: 24小時 | 備案：退房前快速補充飲品與麵包。,https://maps.google.com/?q=Lawson+Higo+Otsu
Day 7,🍴 美食,[星宇航空機上餐],[星宇航空機上餐],[午] 營業時間: 航班供應 | 享用質感機上餐點。,
Day 7,🍴 美食,[桃園機場 第一航廈餐飲區,[桃園機場 第一航廈餐飲區,[午] 營業時間: 11:00-21:00 | 抵台後的午餐與輕食備案。,https://maps.google.com/?q=Taoyuan+Airport+T1
Day 7,🍴 美食,[熊本機場 國內線烏龍麵店,[熊本機場 國內線烏龍麵店,[午] 營業時間: 09:00 起 | 備案：登機前的熱湯烏龍麵與炸物小吃。,https://maps.google.com/?q=Kumamoto+Airport
Day 7,🍴 美食,PREMIUM TENTE 阿蘇牛奶水果飲,PREMIUM TENTE 阿蘇牛奶水果飲,[品] 營業時間: 10:00 起 | 想喝再買；需於國內線區喝完，不能帶過國際線安檢。,https://maps.google.com/?q=PREMIUM+TENTE+Kumamoto+Airport
Day 7,🍴 美食,くまも特旬彩館 現蒸いきなり団子,くまも特旬彩館 現蒸いきなり団子,[品] 營業時間: 配合航班 | 熊本點心首選；順便補常溫伴手禮。,https://maps.google.com/?q=Kumamoto+Shunsaikan+Kumamoto+Airport
Day 7,🍴 美食,平家屋 いきなり団子／にしめ万十,平家屋 いきなり団子／にしめ万十,[品] 營業時間: 配合航班 | 買一個分著吃即可。,https://maps.google.com/?q=Heikeya+Kumamoto+Airport
Day 7,🛍️ 購物,熊本旬彩館,熊本旬彩館,鎖定商品: 熊本伴手禮最後補貨主站；優先常溫乾貨、零食與盒裝伴手禮。 | 營業: 06:30-最後航班 | 國際旅客依當日動線進入；勿買飲料、布丁、醬料等無法帶回國際線區的液體或食品。,https://maps.google.com/?q=Kumamoto+Airport
Day 7,🛍️ 購物,あそ〜ら Gate店／JAL PLAZA（BLUE SKY）,あそ〜ら Gate店／JAL PLAZA（BLUE SKY）,鎖定商品: 補前幾日未買到的熊本伴手禮與全日本名產。 | 營業: 配合航班 | 不逐店比價；依現場庫存快速補齊即可。,https://maps.google.com/?q=Kumamoto+Airport
Day 7,🛍️ 購物,GiGO,GiGO,鎖定商品: 小孩最後扭蛋體驗。 | 營業: 配合航班 | 只用剩餘 ¥100 零錢；排隊立即取消，10:45 準時離開。,https://maps.google.com/?q=Kumamoto+Airport
Day 7,🛍️ 購物,國際線免稅店,國際線免稅店,鎖定商品: 一線化妝品、香水、菸酒與最後食品補貨。 | 營業: 配合航班 | 重新安檢與出境後才逛；結帳排隊時優先前往登機門。,https://maps.google.com/?q=Kumamoto+Airport
Day 7,🏟️ 景點,景點名稱 (Google Map),景點名稱 (Google Map),交通與相對位置 | 親子亮點 / 防雷備註,
Day 7,🏟️ 景點,[[GiGO](https://maps.google.com/?q=Kumamoto+Airport)],[[GiGO](https://maps.google.com/?q=Kumamoto+Airport)],國內線候機區 | 孩子的最後扭蛋樂趣；只用剩餘 ¥100 零錢，排隊就取消，10:45 準時離開。,
